Employee ID,Name,Department,Job Role,Salary,Years of Service,Performance Rating,Training Completion (%),Attrition Probability,Position Status
EMP0001,Deepak Rao,HR,HR Manager,54599,21,1,98,0.55,Filled
EMP0002,Anjali Kapoor,Engineering,Mechanical Engineer,100046,20,1,78,0.37,Filled
EMP0003,Deepak Gupta,Admin,Office Manager,75923,23,1,62,0.57,Filled
EMP0004,Vikram Chopra,Operations,Logistics Coordinator,91089,21,5,96,0.14,Filled
EMP0005,Anjali Kapoor,IT,Data Analyst,129350,26,5,66,0.17,Filled
EMP0006,Sunita Das,Operations,Process Analyst,95893,4,2,94,0.74,Filled
EMP0007,Anjali Verma,Operations,Process Analyst,85984,2,4,81,0.15,Filled
EMP0008,Kiran Kapoor,Operations,Logistics Coordinator,76616,20,2,97,0.43,Filled
EMP0009,Priya Das,Admin,Office Manager,42113,16,3,71,0.36,Filled
EMP0010,Kiran Patel,Operations,Logistics Coordinator,93006,28,1,53,0.6,Filled
EMP0011,Rajesh Sharma,Marketing,SEO Analyst,63760,18,1,54,0.14,Filled
EMP0012,Neha Singh,Admin,Receptionist,61927,8,1,86,0.2,Filled
EMP0013,Suresh Sharma,Marketing,Marketing Manager,70939,3,2,90,0.11,Filled
EMP0014,Neha Verma,Admin,Admin Assistant,72419,9,2,98,0.54,Filled
EMP0015,Deepak Rao,Engineering,Civil Engineer,77588,29,1,62,0.41,Filled
EMP0016,Suresh Verma,Finance,Payroll Specialist,91142,20,2,83,0.19,Filled
EMP0017,Rajesh Verma,HR,Recruiter,89198,29,5,94,0.39,Filled
EMP0018,Deepak Kapoor,Operations,Process Analyst,94738,6,5,71,0.24,Filled
EMP0019,Suresh Chopra,Engineering,Civil Engineer,98397,10,2,72,0.27,Filled
EMP0020,Priya Rao,Finance,Accountant,71653,21,1,52,0.45,Filled
EMP0021,Suresh Patel,HR,HR Coordinator,60831,10,2,91,0.58,Filled
EMP0022,Neha Nair,Sales,Sales Executive,50724,13,2,83,0.15,Filled
EMP0023,Neha Kapoor,IT,Software Engineer,79816,17,2,81,0.29,Filled
EMP0024,Priya Rao,Marketing,Content Strategist,92240,9,3,94,0.33,Filled
EMP0025,Deepak Das,Sales,Sales Executive,51276,17,5,98,0.21,Filled
EMP0026,Vikram Sharma,Admin,Admin Assistant,78663,24,4,70,0.24,Filled
EMP0027,Sunita Patel,HR,Recruiter,63994,9,4,95,0.2,Filled
EMP0028,Anjali Rao,Sales,Sales Executive,68499,9,3,93,0.07,Filled
EMP0029,Priya Singh,IT,Data Analyst,95946,1,2,70,0.22,Filled
EMP0030,Kiran Gupta,Engineering,Civil Engineer,120204,2,3,93,0.21,Filled
EMP0031,Sunita Singh,HR,HR Manager,56116,28,3,60,0.12,Filled
EMP0032,Priya Gupta,Sales,Business Development,60563,16,1,88,0.13,Filled
EMP0033,Priya Gupta,Marketing,SEO Analyst,76788,29,5,53,0.35,Filled
EMP0034,Sunita Das,Marketing,Marketing Manager,76928,1,4,50,0.39,Filled
EMP0035,Deepak Nair,Finance,Accountant,91336,10,2,77,0.66,Filled
EMP0036,Anjali Kapoor,Sales,Account Manager,54847,18,4,73,0.35,Filled
EMP0037,Priya Kapoor,Operations,Operations Manager,76155,26,4,84,0.13,Filled
EMP0038,Anjali Gupta,Sales,Business Development,59135,28,5,62,0.39,Filled
EMP0039,Suresh Nair,Engineering,Mechanical Engineer,132278,8,4,96,0.12,Filled
EMP0040,Amit Nair,HR,HR Coordinator,68309,21,4,83,0.38,Vacant
EMP0041,Deepak Nair,HR,HR Coordinator,50619,28,3,60,0.4,Filled
EMP0042,Anjali Sharma,Engineering,Civil Engineer,115108,11,5,85,0.3,Filled
EMP0043,Anjali Das,Sales,Account Manager,79707,23,1,66,0.79,Filled
EMP0044,Vikram Sharma,Engineering,Civil Engineer,85337,2,2,84,0.5,Filled
EMP0045,Anjali Verma,IT,Software Engineer,126504,8,4,67,0.14,Filled
EMP0046,Vikram Sharma,Admin,Admin Assistant,65892,27,2,89,0.41,Vacant
EMP0047,Rajesh Gupta,Engineering,Mechanical Engineer,65281,22,1,71,0.52,Filled
EMP0048,Deepak Gupta,Marketing,Marketing Manager,77420,8,2,73,0.15,Filled
EMP0049,Suresh Chopra,Engineering,Civil Engineer,104030,17,1,68,0.54,Filled
EMP0050,Suresh Das,HR,Recruiter,51058,15,3,86,0.39,Filled
EMP0051,Priya Sharma,Marketing,Marketing Manager,70677,17,4,88,0.12,Filled
EMP0052,Deepak Chopra,HR,Recruiter,60724,28,1,70,0.65,Filled
EMP0053,Anjali Kapoor,Finance,Accountant,83404,23,2,57,0.74,Vacant
EMP0054,Vikram Das,Operations,Operations Manager,87946,24,4,77,0.38,Filled
EMP0055,Kiran Verma,HR,Recruiter,89748,13,3,54,0.39,Filled
EMP0056,Amit Verma,Marketing,Content Strategist,79856,19,4,66,0.23,Filled
EMP0057,Rajesh Verma,Finance,Accountant,64200,5,1,86,0.78,Filled
EMP0058,Amit Kapoor,HR,HR Manager,83997,12,3,85,0.32,Filled
EMP0059,Neha Chopra,IT,Software Engineer,85611,1,2,68,0.21,Filled
EMP0060,Deepak Nair,Engineering,Electrical Engineer,106235,23,3,76,0.22,Filled
EMP0061,Neha Gupta,Operations,Logistics Coordinator,85057,5,3,83,0.3,Filled
EMP0062,Vikram Chopra,HR,Recruiter,51239,8,5,60,0.14,Filled
EMP0063,Amit Rao,Finance,Payroll Specialist,93138,13,3,94,0.27,Filled
EMP0064,Sunita Kapoor,IT,Data Analyst,125661,8,3,96,0.28,Filled
EMP0065,Deepak Chopra,Sales,Business Development,90272,25,4,61,0.11,Filled
EMP0066,Sunita Chopra,Finance,Financial Analyst,78857,23,2,70,0.5,Filled
EMP0067,Vikram Singh,Engineering,Mechanical Engineer,126212,11,4,60,0.32,Filled
EMP0068,Priya Gupta,Finance,Financial Analyst,70398,1,4,88,0.22,Filled
EMP0069,Suresh Kapoor,IT,Software Engineer,116503,13,1,77,0.11,Filled
EMP0070,Kiran Rao,Finance,Payroll Specialist,61638,19,4,54,0.05,Filled
EMP0071,Neha Chopra,IT,IT Support,66570,24,5,66,0.17,Filled
EMP0072,Suresh Chopra,HR,HR Manager,53249,3,5,69,0.37,Filled
EMP0073,Amit Sharma,Admin,Receptionist,49110,24,1,90,0.26,Filled
EMP0074,Suresh Nair,IT,Data Analyst,72115,17,2,95,0.54,Filled
EMP0075,Sunita Nair,IT,Software Engineer,99062,5,2,61,0.26,Filled
EMP0076,Vikram Chopra,Operations,Process Analyst,72911,20,4,55,0.16,Filled
EMP0077,Kiran Das,IT,Software Engineer,92556,21,4,66,0.35,Filled
EMP0078,Suresh Kapoor,IT,Data Analyst,61969,8,4,68,0.31,Filled
EMP0079,Amit Verma,Sales,Account Manager,88753,26,2,75,0.17,Filled
EMP0080,Neha Das,Admin,Receptionist,57275,14,3,97,0.2,Filled
EMP0081,Kiran Das,HR,HR Coordinator,54470,4,5,93,0.06,Filled
EMP0082,Suresh Rao,Engineering,Mechanical Engineer,75225,11,3,93,0.22,Filled
EMP0083,Amit Sharma,Operations,Logistics Coordinator,92324,20,3,81,0.28,Filled
EMP0084,Neha Rao,Sales,Sales Executive,86974,15,2,55,0.18,Filled
EMP0085,Deepak Patel,Marketing,Marketing Manager,92759,19,3,85,0.15,Filled
EMP0086,Vikram Sharma,Admin,Office Manager,63196,7,1,87,0.38,Filled
EMP0087,Rajesh Sharma,HR,Recruiter,63669,19,4,60,0.37,Filled
EMP0088,Anjali Sharma,HR,HR Coordinator,87380,28,1,82,0.8,Vacant
EMP0089,Amit Patel,Marketing,Marketing Manager,88006,19,5,73,0.07,Filled
EMP0090,Priya Singh,Engineering,Mechanical Engineer,80577,11,4,72,0.32,Filled
EMP0091,Deepak Kapoor,IT,Data Analyst,115409,26,3,64,0.18,Filled
EMP0092,Amit Sharma,Sales,Business Development,73625,5,5,76,0.19,Filled
EMP0093,Vikram Patel,Finance,Payroll Specialist,70504,5,4,60,0.31,Filled
EMP0094,Rajesh Gupta,Operations,Operations Manager,74089,22,3,99,0.37,Filled
EMP0095,Kiran Chopra,Finance,Accountant,91487,8,1,66,0.77,Filled
EMP0096,Sunita Chopra,Marketing,SEO Analyst,50302,10,4,63,0.25,Filled
EMP0097,Anjali Sharma,HR,HR Coordinator,81463,6,3,76,0.17,Filled
EMP0098,Kiran Das,Engineering,Mechanical Engineer,115138,15,1,67,0.65,Filled
EMP0099,Rajesh Rao,HR,HR Manager,87208,16,5,77,0.14,Filled
EMP0100,Priya Singh,Operations,Process Analyst,80659,28,5,96,0.25,Filled
EMP0101,Kiran Sharma,HR,HR Coordinator,85840,17,5,96,0.18,Filled
EMP0102,Suresh Singh,HR,Recruiter,81890,8,5,53,0.28,Filled
EMP0103,Vikram Rao,Operations,Logistics Coordinator,63598,8,2,56,0.27,Filled
EMP0104,Sunita Verma,Sales,Account Manager,92055,25,4,94,0.12,Vacant
EMP0105,Neha Verma,Sales,Account Manager,91733,9,4,84,0.37,Filled
EMP0106,Vikram Rao,Operations,Operations Manager,69508,2,2,97,0.17,Filled
EMP0107,Deepak Rao,Engineering,Electrical Engineer,107287,15,3,58,0.23,Filled
EMP0108,Suresh Sharma,Marketing,SEO Analyst,63380,18,3,57,0.13,Filled
EMP0109,Anjali Chopra,Admin,Office Manager,66984,3,5,94,0.06,Filled
EMP0110,Priya Das,HR,HR Manager,58125,17,1,66,0.13,Filled
EMP0111,Amit Nair,Engineering,Mechanical Engineer,101059,4,3,66,0.11,Filled
EMP0112,Suresh Patel,HR,Recruiter,54033,4,1,98,0.71,Filled
EMP0113,Deepak Gupta,Admin,Admin Assistant,77873,14,4,82,0.15,Filled
EMP0114,Vikram Chopra,Marketing,Marketing Manager,67087,9,1,81,0.77,Filled
EMP0115,Neha Nair,Sales,Account Manager,85901,9,4,57,0.25,Filled
EMP0116,Sunita Sharma,Engineering,Mechanical Engineer,70704,25,2,68,0.41,Vacant
EMP0117,Priya Sharma,IT,Data Analyst,120576,26,2,87,0.51,Filled
EMP0118,Rajesh Kapoor,IT,IT Support,87208,23,5,52,0.23,Filled
EMP0119,Deepak Nair,Admin,Admin Assistant,59614,18,3,54,0.32,Filled
EMP0120,Suresh Verma,IT,IT Support,126024,10,5,62,0.15,Filled
EMP0121,Vikram Verma,Sales,Business Development,84882,21,4,96,0.17,Filled
EMP0122,Sunita Das,Admin,Admin Assistant,65923,4,5,95,0.36,Filled
EMP0123,Kiran Das,Sales,Sales Executive,93508,12,1,80,0.76,Filled
EMP0124,Amit Das,Marketing,SEO Analyst,85941,27,4,65,0.36,Filled
EMP0125,Sunita Sharma,HR,HR Manager,79165,8,2,99,0.39,Filled
EMP0126,Anjali Rao,Marketing,Content Strategist,51667,2,3,81,0.32,Filled
EMP0127,Kiran Das,Marketing,Content Strategist,76213,22,4,71,0.22,Filled
EMP0128,Sunita Verma,Sales,Sales Executive,49114,13,4,78,0.22,Filled
EMP0129,Suresh Verma,Admin,Receptionist,76321,21,1,71,0.24,Filled
EMP0130,Suresh Patel,Admin,Admin Assistant,47761,16,3,92,0.26,Filled
EMP0131,Priya Patel,IT,Software Engineer,85426,28,2,52,0.23,Filled
EMP0132,Kiran Verma,Finance,Payroll Specialist,72772,2,4,59,0.17,Filled
EMP0133,Suresh Rao,HR,Recruiter,88218,11,4,91,0.35,Filled
EMP0134,Amit Rao,Sales,Account Manager,48712,10,1,70,0.24,Filled
EMP0135,Amit Kapoor,IT,IT Support,61367,15,5,65,0.07,Filled
EMP0136,Sunita Das,Engineering,Civil Engineer,116924,17,2,61,0.15,Filled
EMP0137,Anjali Chopra,Finance,Payroll Specialist,58726,8,3,51,0.38,Filled
EMP0138,Vikram Sharma,Finance,Accountant,78616,18,4,90,0.23,Filled
EMP0139,Amit Verma,Sales,Account Manager,72723,23,4,73,0.19,Filled
EMP0140,Kiran Chopra,Operations,Logistics Coordinator,87574,9,2,84,0.67,Filled
EMP0141,Kiran Singh,HR,HR Coordinator,84958,25,5,79,0.34,Filled
EMP0142,Kiran Verma,Finance,Accountant,64108,8,4,79,0.17,Filled
EMP0143,Kiran Das,Sales,Sales Executive,57178,27,2,96,0.59,Filled
EMP0144,Priya Kapoor,Sales,Sales Executive,80643,14,1,84,0.64,Filled
EMP0145,Amit Sharma,IT,Software Engineer,91324,28,5,68,0.28,Filled
EMP0146,Rajesh Verma,Engineering,Mechanical Engineer,73927,26,3,99,0.1,Vacant
EMP0147,Sunita Verma,Operations,Logistics Coordinator,78144,25,4,57,0.36,Vacant
EMP0148,Amit Sharma,HR,HR Manager,81010,18,2,75,0.48,Filled
EMP0149,Rajesh Singh,Admin,Office Manager,62443,22,1,98,0.3,Filled
EMP0150,Vikram Nair,Marketing,Marketing Manager,64437,20,3,89,0.2,Filled
EMP0151,Rajesh Das,Engineering,Electrical Engineer,128449,20,2,56,0.13,Filled
EMP0152,Amit Kapoor,Engineering,Civil Engineer,125233,21,2,79,0.19,Filled
EMP0153,Vikram Sharma,IT,IT Support,85537,12,3,56,0.32,Filled
EMP0154,Sunita Kapoor,Admin,Office Manager,75757,19,1,52,0.1,Vacant
EMP0155,Deepak Sharma,Finance,Payroll Specialist,67040,14,1,50,0.39,Filled
EMP0156,Vikram Patel,Finance,Accountant,96986,17,5,85,0.23,Filled
EMP0157,Suresh Gupta,IT,Software Engineer,82612,24,4,74,0.07,Filled
EMP0158,Kiran Gupta,Sales,Sales Executive,73441,21,3,86,0.39,Filled
EMP0159,Vikram Das,Finance,Financial Analyst,61471,3,3,50,0.13,Vacant
EMP0160,Anjali Patel,Operations,Process Analyst,85631,26,3,64,0.16,Filled
EMP0161,Kiran Chopra,HR,HR Manager,76523,23,1,86,0.31,Filled
EMP0162,Priya Gupta,Engineering,Electrical Engineer,96348,7,4,62,0.13,Filled
EMP0163,Priya Gupta,Engineering,Electrical Engineer,129732,17,5,89,0.05,Filled
EMP0164,Amit Das,Operations,Operations Manager,51177,12,2,57,0.61,Filled
EMP0165,Amit Nair,Admin,Admin Assistant,44760,9,2,54,0.78,Filled
EMP0166,Kiran Chopra,Finance,Payroll Specialist,87779,15,3,58,0.13,Filled
EMP0167,Neha Chopra,Engineering,Mechanical Engineer,86636,18,4,50,0.28,Filled
EMP0168,Neha Verma,Marketing,Marketing Manager,66353,21,1,85,0.62,Filled
EMP0169,Priya Nair,Admin,Admin Assistant,51556,13,4,84,0.35,Filled
EMP0170,Anjali Gupta,HR,HR Coordinator,77598,21,4,51,0.2,Filled
EMP0171,Deepak Nair,HR,Recruiter,61563,8,1,89,0.31,Filled
EMP0172,Sunita Rao,Engineering,Electrical Engineer,111819,14,3,72,0.16,Filled
EMP0173,Amit Das,IT,Data Analyst,86966,8,4,58,0.3,Filled
EMP0174,Vikram Chopra,Admin,Receptionist,56173,14,2,83,0.67,Filled
EMP0175,Priya Patel,Engineering,Mechanical Engineer,124889,7,1,95,0.23,Filled
EMP0176,Deepak Singh,IT,IT Support,86987,23,5,63,0.18,Filled
EMP0177,Vikram Nair,Engineering,Mechanical Engineer,123348,12,3,53,0.37,Filled
EMP0178,Neha Singh,Marketing,Content Strategist,74596,11,1,79,0.66,Filled
EMP0179,Neha Gupta,Admin,Admin Assistant,73174,22,5,80,0.39,Filled
EMP0180,Kiran Sharma,Sales,Business Development,86974,22,5,87,0.31,Filled
EMP0181,Sunita Gupta,HR,Recruiter,54431,11,4,60,0.19,Filled
EMP0182,Kiran Singh,Engineering,Electrical Engineer,124182,25,4,84,0.26,Filled
EMP0183,Rajesh Sharma,Marketing,Content Strategist,77764,22,4,57,0.28,Vacant
EMP0184,Anjali Kapoor,IT,Data Analyst,99310,28,1,52,0.15,Filled
EMP0185,Rajesh Chopra,IT,IT Support,116088,29,1,63,0.48,Filled
EMP0186,Sunita Singh,HR,HR Manager,58906,13,3,62,0.3,Filled
EMP0187,Sunita Verma,Operations,Logistics Coordinator,86914,18,4,94,0.11,Filled
EMP0188,Deepak Das,Engineering,Electrical Engineer,110379,2,5,81,0.32,Filled
EMP0189,Sunita Patel,Admin,Receptionist,53076,29,2,83,0.51,Filled
EMP0190,Neha Verma,Finance,Financial Analyst,104292,21,3,94,0.38,Vacant
EMP0191,Amit Das,IT,Data Analyst,97650,15,1,68,0.13,Vacant
EMP0192,Vikram Gupta,Admin,Office Manager,46012,20,3,87,0.14,Filled
EMP0193,Deepak Gupta,Admin,Admin Assistant,47151,27,3,65,0.26,Filled
EMP0194,Rajesh Gupta,Sales,Sales Executive,73211,18,3,51,0.15,Filled
EMP0195,Rajesh Chopra,Admin,Receptionist,67117,15,3,89,0.3,Vacant
EMP0196,Suresh Kapoor,Admin,Office Manager,76378,19,2,66,0.63,Vacant
EMP0197,Amit Gupta,Sales,Sales Executive,87652,23,4,83,0.09,Filled
EMP0198,Neha Sharma,IT,Data Analyst,73467,24,5,91,0.23,Filled
EMP0199,Priya Singh,Admin,Receptionist,71010,12,3,65,0.23,Filled
EMP0200,Suresh Das,Operations,Operations Manager,99257,13,3,87,0.18,Filled
EMP0201,Rajesh Sharma,Operations,Operations Manager,92641,22,3,51,0.38,Filled
EMP0202,Deepak Kapoor,Marketing,Marketing Manager,62289,11,4,51,0.34,Filled
EMP0203,Kiran Chopra,Sales,Business Development,89976,5,1,75,0.59,Filled
EMP0204,Vikram Gupta,Marketing,Content Strategist,93596,29,1,62,0.6,Filled
EMP0205,Vikram Kapoor,Sales,Sales Executive,68171,1,2,96,0.42,Filled
EMP0206,Kiran Nair,Engineering,Electrical Engineer,109139,24,1,80,0.74,Vacant
EMP0207,Rajesh Sharma,Engineering,Civil Engineer,113713,3,3,83,0.29,Filled
EMP0208,Sunita Kapoor,Admin,Receptionist,69734,22,3,88,0.31,Filled
EMP0209,Neha Gupta,Finance,Financial Analyst,62052,19,3,52,0.35,Filled
EMP0210,Rajesh Chopra,Engineering,Electrical Engineer,128646,23,2,57,0.29,Filled
EMP0211,Sunita Sharma,Finance,Financial Analyst,58654,29,3,72,0.33,Filled
EMP0212,Rajesh Chopra,Engineering,Mechanical Engineer,83743,7,1,63,0.24,Filled
EMP0213,Neha Gupta,HR,HR Coordinator,74489,12,4,76,0.17,Filled
EMP0214,Kiran Kapoor,Engineering,Electrical Engineer,139172,15,4,78,0.17,Filled
EMP0215,Sunita Patel,Marketing,SEO Analyst,56441,25,5,88,0.39,Filled
EMP0216,Sunita Gupta,IT,Data Analyst,84611,5,1,88,0.7,Filled
EMP0217,Neha Verma,Admin,Admin Assistant,52149,15,3,50,0.3,Filled
EMP0218,Neha Sharma,Marketing,Marketing Manager,84566,8,4,66,0.3,Filled
EMP0219,Anjali Kapoor,IT,Data Analyst,119189,10,1,90,0.49,Filled
EMP0220,Sunita Das,Operations,Logistics Coordinator,92368,26,4,79,0.38,Filled
EMP0221,Deepak Patel,Marketing,SEO Analyst,71675,16,3,62,0.22,Filled
EMP0222,Amit Rao,Operations,Operations Manager,55495,8,4,70,0.18,Filled
EMP0223,Anjali Patel,Finance,Financial Analyst,97668,1,5,68,0.11,Filled
EMP0224,Vikram Sharma,Finance,Accountant,68673,12,5,68,0.33,Filled
EMP0225,Amit Verma,HR,HR Coordinator,61130,5,4,74,0.31,Filled
EMP0226,Rajesh Verma,Engineering,Civil Engineer,130429,3,1,71,0.37,Filled
EMP0227,Amit Sharma,Marketing,Marketing Manager,73669,1,1,80,0.12,Filled
EMP0228,Anjali Gupta,Operations,Logistics Coordinator,84068,4,1,66,0.69,Vacant
EMP0229,Priya Verma,IT,Data Analyst,69435,8,4,72,0.05,Filled
EMP0230,Priya Verma,Finance,Payroll Specialist,83552,3,1,81,0.59,Filled
EMP0231,Deepak Sharma,Engineering,Civil Engineer,117249,10,3,59,0.39,Filled
EMP0232,Neha Das,Finance,Financial Analyst,92384,2,5,59,0.2,Filled
EMP0233,Neha Gupta,IT,Data Analyst,91401,11,3,85,0.13,Filled
EMP0234,Neha Patel,Engineering,Electrical Engineer,136831,25,1,57,0.59,Filled
EMP0235,Vikram Nair,Engineering,Mechanical Engineer,99084,10,3,69,0.34,Vacant
EMP0236,Deepak Rao,Operations,Process Analyst,95105,21,1,81,0.48,Filled
EMP0237,Neha Kapoor,Operations,Process Analyst,89575,14,4,99,0.39,Filled
EMP0238,Priya Das,Marketing,Marketing Manager,86451,7,3,63,0.07,Filled
EMP0239,Sunita Nair,Marketing,SEO Analyst,57227,27,4,99,0.23,Filled
EMP0240,Rajesh Nair,Sales,Sales Executive,76910,27,4,77,0.3,Filled
EMP0241,Sunita Gupta,Admin,Receptionist,76041,2,2,95,0.7,Filled
EMP0242,Rajesh Nair,Sales,Sales Executive,68384,9,1,73,0.23,Filled
EMP0243,Anjali Verma,HR,HR Coordinator,50145,16,5,64,0.33,Filled
EMP0244,Amit Verma,Finance,Payroll Specialist,92778,13,1,71,0.49,Filled
EMP0245,Sunita Patel,Marketing,SEO Analyst,66035,9,5,79,0.19,Filled
EMP0246,Amit Chopra,Operations,Process Analyst,53040,20,1,53,0.19,Filled
EMP0247,Anjali Chopra,IT,IT Support,124174,4,4,62,0.35,Filled
EMP0248,Rajesh Sharma,Operations,Logistics Coordinator,76160,22,3,72,0.11,Filled
EMP0249,Deepak Chopra,Finance,Payroll Specialist,104634,10,3,57,0.16,Filled
EMP0250,Suresh Verma,Sales,Account Manager,97331,26,2,67,0.3,Filled
EMP0251,Suresh Sharma,Operations,Logistics Coordinator,67633,26,5,61,0.35,Filled
EMP0252,Amit Rao,Admin,Office Manager,69344,22,5,80,0.29,Filled
EMP0253,Suresh Singh,HR,HR Coordinator,67014,12,5,63,0.33,Filled
EMP0254,Vikram Sharma,Finance,Accountant,69996,17,4,83,0.14,Vacant
EMP0255,Sunita Nair,Sales,Sales Executive,94104,14,5,67,0.27,Filled
EMP0256,Vikram Nair,Admin,Receptionist,51695,14,3,83,0.25,Filled
EMP0257,Deepak Rao,IT,Software Engineer,128388,25,4,60,0.34,Filled
EMP0258,Vikram Gupta,Sales,Sales Executive,61014,2,1,90,0.73,Vacant
EMP0259,Rajesh Kapoor,Engineering,Electrical Engineer,98755,21,5,61,0.05,Filled
EMP0260,Vikram Nair,Admin,Receptionist,63711,25,5,98,0.29,Filled
EMP0261,Sunita Kapoor,Admin,Receptionist,66122,20,1,64,0.14,Filled
EMP0262,Sunita Kapoor,HR,HR Manager,59160,11,5,80,0.24,Filled
EMP0263,Deepak Nair,Finance,Accountant,82213,16,1,98,0.3,Filled
EMP0264,Deepak Kapoor,IT,IT Support,117784,19,4,78,0.16,Vacant
EMP0265,Neha Gupta,HR,HR Coordinator,57421,23,3,75,0.17,Filled
EMP0266,Deepak Gupta,Sales,Business Development,66400,6,1,67,0.53,Filled
EMP0267,Rajesh Verma,HR,HR Coordinator,83537,24,2,81,0.33,Vacant
EMP0268,Deepak Patel,Admin,Office Manager,57727,19,1,71,0.61,Filled
EMP0269,Suresh Gupta,Finance,Payroll Specialist,101882,5,5,87,0.19,Filled
EMP0270,Neha Sharma,Marketing,SEO Analyst,54358,26,4,66,0.07,Filled
EMP0271,Kiran Chopra,HR,Recruiter,78482,4,4,72,0.32,Filled
EMP0272,Anjali Gupta,Engineering,Mechanical Engineer,97117,15,1,73,0.3,Filled
EMP0273,Suresh Patel,HR,HR Coordinator,73164,29,3,99,0.2,Filled
EMP0274,Neha Patel,Sales,Sales Executive,76910,4,2,57,0.58,Filled
EMP0275,Rajesh Kapoor,Sales,Sales Executive,77496,20,4,90,0.17,Filled
EMP0276,Kiran Verma,IT,IT Support,115754,10,5,55,0.07,Filled
EMP0277,Anjali Sharma,Sales,Sales Executive,89311,24,5,54,0.18,Filled
EMP0278,Kiran Rao,Operations,Process Analyst,79371,22,3,93,0.38,Vacant
EMP0279,Amit Chopra,Finance,Financial Analyst,106501,3,4,78,0.27,Filled
EMP0280,Suresh Rao,Finance,Payroll Specialist,93467,26,1,77,0.57,Vacant
EMP0281,Sunita Singh,Marketing,Marketing Manager,67625,5,5,60,0.27,Filled
EMP0282,Vikram Singh,Marketing,Marketing Manager,83893,6,3,50,0.12,Filled
EMP0283,Deepak Gupta,Finance,Payroll Specialist,65793,21,4,92,0.2,Filled
EMP0284,Neha Verma,Engineering,Electrical Engineer,96007,22,4,68,0.31,Filled
EMP0285,Deepak Verma,Marketing,Marketing Manager,75766,8,4,58,0.09,Filled
EMP0286,Priya Gupta,IT,Data Analyst,99532,7,4,76,0.15,Filled
EMP0287,Sunita Das,Sales,Account Manager,99253,21,4,83,0.15,Filled
EMP0288,Suresh Chopra,Finance,Payroll Specialist,67323,10,5,93,0.2,Filled
EMP0289,Amit Verma,Admin,Office Manager,47843,6,3,53,0.39,Filled
EMP0290,Suresh Sharma,Marketing,Marketing Manager,64210,14,4,85,0.07,Filled
EMP0291,Suresh Das,Finance,Payroll Specialist,71456,4,2,67,0.46,Filled
EMP0292,Amit Singh,Operations,Operations Manager,81367,28,2,64,0.23,Filled
EMP0293,Rajesh Singh,HR,HR Manager,60106,25,3,62,0.39,Filled
EMP0294,Neha Kapoor,Sales,Account Manager,82957,13,1,68,0.18,Filled
EMP0295,Kiran Kapoor,Finance,Payroll Specialist,57472,20,1,98,0.38,Filled
EMP0296,Rajesh Rao,HR,Recruiter,56704,17,1,55,0.62,Filled
EMP0297,Vikram Verma,Marketing,Content Strategist,53713,23,2,97,0.59,Filled
EMP0298,Sunita Nair,HR,HR Manager,55051,7,1,61,0.4,Filled
EMP0299,Priya Nair,Sales,Sales Executive,55756,4,5,86,0.17,Filled
EMP0300,Amit Sharma,Finance,Accountant,57475,29,4,66,0.19,Filled
EMP0301,Rajesh Singh,Operations,Operations Manager,86378,14,2,72,0.28,Filled
EMP0302,Kiran Verma,Engineering,Electrical Engineer,69255,3,3,75,0.12,Filled
EMP0303,Deepak Nair,Marketing,SEO Analyst,64484,24,3,78,0.22,Filled
EMP0304,Neha Das,Finance,Financial Analyst,89503,5,4,82,0.14,Filled
EMP0305,Kiran Das,Sales,Account Manager,53258,16,2,76,0.3,Filled
EMP0306,Rajesh Das,Marketing,SEO Analyst,90747,26,1,74,0.56,Filled
EMP0307,Neha Rao,IT,IT Support,105113,23,1,59,0.78,Filled
EMP0308,Neha Das,HR,HR Manager,58533,20,5,96,0.26,Filled
EMP0309,Neha Patel,Engineering,Mechanical Engineer,70249,4,5,72,0.08,Filled
EMP0310,Rajesh Nair,Sales,Account Manager,99443,24,1,70,0.15,Filled
EMP0311,Sunita Singh,IT,IT Support,79201,24,3,70,0.38,Filled
EMP0312,Amit Nair,Admin,Office Manager,49686,2,3,92,0.15,Filled
EMP0313,Amit Kapoor,Finance,Payroll Specialist,101877,18,5,62,0.08,Filled
EMP0314,Sunita Verma,Operations,Operations Manager,82007,19,4,86,0.26,Filled
EMP0315,Kiran Patel,Marketing,Content Strategist,50661,28,1,82,0.54,Filled
EMP0316,Vikram Kapoor,HR,HR Coordinator,80137,28,5,73,0.28,Filled
EMP0317,Suresh Patel,Marketing,SEO Analyst,92828,19,5,93,0.14,Filled
EMP0318,Neha Das,Engineering,Mechanical Engineer,113604,17,1,60,0.11,Filled
EMP0319,Priya Kapoor,Finance,Financial Analyst,65526,14,1,66,0.78,Filled
EMP0320,Deepak Das,Marketing,Marketing Manager,53374,19,3,53,0.14,Filled
EMP0321,Amit Singh,HR,HR Coordinator,75592,22,4,96,0.29,Filled
EMP0322,Amit Patel,Finance,Accountant,83982,24,4,74,0.3,Filled
EMP0323,Amit Kapoor,Marketing,SEO Analyst,50207,13,1,79,0.53,Filled
EMP0324,Neha Nair,Operations,Logistics Coordinator,85433,12,2,58,0.32,Filled
EMP0325,Kiran Sharma,Sales,Account Manager,96645,26,5,70,0.14,Vacant
EMP0326,Amit Patel,Finance,Accountant,78197,6,5,69,0.26,Filled
EMP0327,Suresh Verma,Sales,Sales Executive,78400,21,1,68,0.71,Filled
EMP0328,Amit Kapoor,Admin,Office Manager,43083,4,2,68,0.76,Filled
EMP0329,Deepak Singh,Finance,Payroll Specialist,84328,19,3,61,0.09,Filled
EMP0330,Amit Kapoor,Operations,Operations Manager,96479,16,1,86,0.21,Filled
EMP0331,Rajesh Singh,Sales,Sales Executive,87891,13,1,91,0.76,Filled
EMP0332,Vikram Kapoor,IT,Software Engineer,80103,4,5,66,0.31,Filled
EMP0333,Deepak Kapoor,HR,HR Coordinator,89891,23,1,86,0.72,Filled
EMP0334,Rajesh Kapoor,IT,Data Analyst,70754,17,1,97,0.24,Filled
EMP0335,Neha Gupta,Marketing,Content Strategist,84447,23,1,88,0.51,Filled
EMP0336,Vikram Sharma,Operations,Logistics Coordinator,65901,1,5,77,0.3,Filled
EMP0337,Rajesh Nair,IT,IT Support,115922,18,3,90,0.29,Filled
EMP0338,Amit Verma,Finance,Payroll Specialist,103231,20,3,84,0.19,Filled
EMP0339,Sunita Sharma,Marketing,Content Strategist,79301,17,1,96,0.11,Filled
EMP0340,Amit Das,Marketing,SEO Analyst,76116,27,5,97,0.25,Filled
EMP0341,Priya Das,IT,Software Engineer,122711,28,3,67,0.14,Filled
EMP0342,Deepak Gupta,Admin,Admin Assistant,58752,27,3,63,0.21,Vacant
EMP0343,Neha Patel,IT,Software Engineer,73395,15,3,84,0.39,Filled
EMP0344,Kiran Singh,Admin,Office Manager,60421,11,5,93,0.19,Filled
EMP0345,Vikram Patel,Operations,Operations Manager,76342,25,5,90,0.34,Filled
EMP0346,Amit Singh,HR,Recruiter,54895,28,1,56,0.23,Filled
EMP0347,Rajesh Nair,IT,Data Analyst,70699,22,4,90,0.29,Filled
EMP0348,Amit Chopra,Engineering,Electrical Engineer,130061,13,3,62,0.39,Filled
EMP0349,Rajesh Kapoor,Admin,Admin Assistant,49715,1,4,67,0.09,Filled
EMP0350,Priya Verma,IT,Software Engineer,79169,17,5,86,0.05,Filled
EMP0351,Deepak Singh,Sales,Sales Executive,97877,6,5,62,0.2,Filled
EMP0352,Priya Singh,Finance,Financial Analyst,71163,4,5,85,0.08,Filled
EMP0353,Priya Patel,Engineering,Electrical Engineer,70782,20,4,80,0.31,Filled
EMP0354,Priya Verma,Engineering,Civil Engineer,100585,16,5,51,0.37,Filled
EMP0355,Priya Rao,Admin,Office Manager,70682,15,1,65,0.4,Filled
EMP0356,Suresh Singh,Sales,Sales Executive,92864,27,5,58,0.14,Filled
EMP0357,Amit Das,Sales,Account Manager,63880,15,2,58,0.4,Filled
EMP0358,Deepak Gupta,Marketing,Content Strategist,88067,6,4,87,0.3,Filled
EMP0359,Vikram Sharma,Admin,Admin Assistant,58073,15,2,60,0.11,Filled
EMP0360,Rajesh Rao,HR,HR Coordinator,86035,14,5,71,0.26,Vacant
EMP0361,Neha Das,Finance,Accountant,92174,28,1,82,0.53,Vacant
EMP0362,Amit Gupta,Operations,Operations Manager,74837,11,3,85,0.27,Filled
EMP0363,Amit Rao,Engineering,Mechanical Engineer,130450,7,5,94,0.13,Filled
EMP0364,Anjali Kapoor,Operations,Operations Manager,60382,9,1,72,0.6,Filled
EMP0365,Priya Singh,IT,Data Analyst,64437,26,4,94,0.08,Filled
EMP0366,Rajesh Patel,IT,Software Engineer,124612,16,2,94,0.24,Filled
EMP0367,Vikram Nair,Operations,Operations Manager,74819,5,2,83,0.71,Filled
EMP0368,Deepak Chopra,IT,Data Analyst,121929,25,2,58,0.62,Filled
EMP0369,Kiran Das,HR,HR Coordinator,86875,20,4,73,0.05,Filled
EMP0370,Sunita Das,Sales,Business Development,76982,29,1,57,0.27,Filled
EMP0371,Sunita Das,IT,Data Analyst,72329,10,4,56,0.13,Filled
EMP0372,Suresh Verma,Marketing,Content Strategist,75169,18,2,85,0.29,Filled
EMP0373,Vikram Patel,IT,IT Support,94594,3,5,67,0.14,Filled
EMP0374,Neha Verma,Finance,Financial Analyst,66421,13,3,52,0.07,Filled
EMP0375,Vikram Kapoor,HR,HR Coordinator,57629,11,4,77,0.21,Filled
EMP0376,Rajesh Patel,Finance,Financial Analyst,63325,17,4,55,0.31,Filled
EMP0377,Neha Singh,Finance,Financial Analyst,107290,22,1,93,0.52,Filled
EMP0378,Rajesh Singh,Marketing,SEO Analyst,78495,13,1,93,0.57,Filled
EMP0379,Amit Kapoor,HR,HR Coordinator,81750,6,4,70,0.08,Filled
EMP0380,Suresh Gupta,HR,HR Coordinator,79619,17,2,77,0.77,Filled
EMP0381,Priya Sharma,Admin,Receptionist,48264,27,3,89,0.34,Filled
EMP0382,Neha Nair,HR,HR Manager,62686,13,1,50,0.66,Filled
EMP0383,Neha Nair,HR,Recruiter,74226,19,2,85,0.68,Filled
EMP0384,Suresh Singh,HR,HR Manager,56721,21,5,70,0.38,Filled
EMP0385,Anjali Sharma,Marketing,SEO Analyst,70609,19,1,92,0.48,Filled
EMP0386,Neha Rao,IT,IT Support,112130,10,2,84,0.24,Filled
EMP0387,Amit Das,Admin,Office Manager,47373,3,2,62,0.53,Filled
EMP0388,Amit Verma,Finance,Accountant,93675,14,3,98,0.31,Vacant
EMP0389,Sunita Das,HR,HR Coordinator,78937,26,3,59,0.31,Filled
EMP0390,Kiran Gupta,Engineering,Mechanical Engineer,70656,19,5,93,0.23,Filled
EMP0391,Deepak Das,IT,IT Support,123740,5,2,96,0.15,Filled
EMP0392,Priya Gupta,IT,IT Support,124309,29,2,59,0.36,Filled
EMP0393,Anjali Verma,Finance,Accountant,84984,5,3,95,0.37,Vacant
EMP0394,Deepak Verma,Marketing,Content Strategist,58286,20,1,62,0.51,Filled
EMP0395,Deepak Patel,Operations,Logistics Coordinator,55901,17,1,86,0.48,Filled
EMP0396,Neha Singh,Operations,Logistics Coordinator,81552,21,4,87,0.14,Filled
EMP0397,Vikram Verma,IT,Data Analyst,91055,10,3,73,0.18,Filled
EMP0398,Suresh Chopra,Sales,Business Development,82685,5,4,51,0.36,Filled
EMP0399,Rajesh Gupta,Sales,Business Development,53429,4,3,71,0.28,Filled
EMP0400,Deepak Nair,Finance,Payroll Specialist,69716,6,5,66,0.33,Filled
EMP0401,Amit Chopra,Operations,Process Analyst,98563,26,2,85,0.42,Vacant
EMP0402,Kiran Gupta,IT,IT Support,71138,4,5,63,0.27,Filled
EMP0403,Suresh Sharma,Marketing,Content Strategist,85298,7,3,59,0.14,Filled
EMP0404,Sunita Nair,Operations,Logistics Coordinator,73429,7,2,84,0.59,Filled
EMP0405,Sunita Gupta,IT,Data Analyst,110200,18,1,74,0.4,Filled
EMP0406,Vikram Nair,IT,Data Analyst,108244,3,1,52,0.41,Filled
EMP0407,Priya Rao,HR,Recruiter,85732,1,4,96,0.28,Filled
EMP0408,Kiran Patel,Marketing,SEO Analyst,89905,24,3,87,0.38,Filled
EMP0409,Anjali Das,HR,Recruiter,67347,25,3,66,0.07,Filled
EMP0410,Amit Verma,Finance,Accountant,71920,4,1,61,0.68,Filled
EMP0411,Neha Nair,HR,HR Coordinator,81822,6,5,73,0.15,Vacant
EMP0412,Rajesh Singh,Engineering,Civil Engineer,111659,9,2,78,0.41,Filled
EMP0413,Sunita Gupta,HR,Recruiter,73563,22,5,92,0.06,Filled
EMP0414,Priya Das,Engineering,Civil Engineer,72967,14,5,74,0.16,Filled
EMP0415,Kiran Kapoor,Operations,Logistics Coordinator,95183,28,1,85,0.45,Filled
EMP0416,Suresh Sharma,Sales,Business Development,56871,12,1,75,0.14,Filled
EMP0417,Rajesh Singh,Admin,Admin Assistant,68763,28,1,87,0.44,Filled
EMP0418,Rajesh Singh,Admin,Admin Assistant,51916,25,4,50,0.37,Filled
EMP0419,Kiran Chopra,IT,Software Engineer,93613,20,5,69,0.09,Filled
EMP0420,Sunita Das,Admin,Receptionist,68179,24,3,77,0.32,Filled
EMP0421,Deepak Nair,Engineering,Civil Engineer,117188,25,2,65,0.39,Filled
EMP0422,Deepak Verma,Marketing,SEO Analyst,85262,4,4,96,0.28,Filled
EMP0423,Vikram Das,HR,Recruiter,62677,21,3,66,0.14,Filled
EMP0424,Rajesh Rao,Engineering,Civil Engineer,83268,24,5,89,0.11,Filled
EMP0425,Anjali Singh,Marketing,Marketing Manager,62330,12,1,77,0.21,Filled
EMP0426,Priya Rao,Sales,Sales Executive,65733,10,5,61,0.07,Filled
EMP0427,Sunita Singh,Admin,Receptionist,77947,22,2,76,0.23,Filled
EMP0428,Kiran Sharma,Sales,Sales Executive,72286,28,4,91,0.28,Filled
EMP0429,Anjali Singh,Admin,Receptionist,46610,7,4,96,0.36,Filled
EMP0430,Vikram Nair,HR,Recruiter,56430,3,2,79,0.67,Filled
EMP0431,Priya Das,Finance,Financial Analyst,94922,23,3,90,0.29,Filled
EMP0432,Neha Verma,HR,HR Coordinator,63828,28,3,83,0.09,Filled
EMP0433,Rajesh Singh,Operations,Logistics Coordinator,92913,14,4,86,0.15,Filled
EMP0434,Neha Singh,Engineering,Electrical Engineer,120677,24,4,55,0.16,Filled
EMP0435,Sunita Verma,IT,Data Analyst,109841,10,1,56,0.27,Filled
EMP0436,Sunita Sharma,Finance,Accountant,101332,16,3,81,0.23,Filled
EMP0437,Sunita Sharma,HR,HR Manager,76526,16,2,81,0.47,Filled
EMP0438,Amit Gupta,Marketing,SEO Analyst,80158,22,3,74,0.17,Vacant
EMP0439,Kiran Kapoor,Finance,Payroll Specialist,80032,10,1,82,0.35,Filled
EMP0440,Sunita Verma,Engineering,Civil Engineer,102846,25,4,56,0.34,Filled
EMP0441,Amit Singh,Admin,Receptionist,69794,13,4,61,0.33,Filled
EMP0442,Priya Das,Finance,Payroll Specialist,60448,6,1,65,0.32,Filled
EMP0443,Neha Kapoor,Admin,Admin Assistant,68861,12,2,65,0.74,Filled
EMP0444,Deepak Gupta,Engineering,Mechanical Engineer,93141,9,4,92,0.38,Filled
EMP0445,Priya Das,HR,HR Coordinator,59074,13,5,85,0.16,Filled
EMP0446,Priya Rao,Engineering,Electrical Engineer,71406,4,4,62,0.17,Filled
EMP0447,Amit Kapoor,Finance,Payroll Specialist,86823,24,5,56,0.23,Filled
EMP0448,Suresh Sharma,Marketing,Marketing Manager,73291,11,1,85,0.76,Vacant
EMP0449,Suresh Das,Sales,Business Development,86568,20,1,96,0.71,Filled
EMP0450,Kiran Chopra,Finance,Accountant,87003,18,4,58,0.09,Vacant
EMP0451,Vikram Sharma,Engineering,Civil Engineer,111851,26,3,81,0.19,Filled
EMP0452,Rajesh Patel,Sales,Sales Executive,79406,11,5,60,0.24,Filled
EMP0453,Rajesh Das,Engineering,Electrical Engineer,119823,25,2,57,0.45,Filled
EMP0454,Suresh Patel,Marketing,Content Strategist,73312,21,4,82,0.12,Filled
EMP0455,Vikram Verma,Engineering,Mechanical Engineer,108108,4,2,72,0.7,Filled
EMP0456,Amit Das,HR,HR Manager,51382,18,4,74,0.29,Vacant
EMP0457,Kiran Das,IT,Data Analyst,94171,1,3,57,0.34,Filled
EMP0458,Suresh Kapoor,Admin,Office Manager,43292,27,3,94,0.35,Filled
EMP0459,Vikram Kapoor,Admin,Admin Assistant,73187,7,3,71,0.31,Filled
EMP0460,Rajesh Kapoor,Finance,Payroll Specialist,67411,6,3,53,0.2,Filled
EMP0461,Vikram Gupta,IT,Software Engineer,117009,15,1,89,0.53,Vacant
EMP0462,Sunita Nair,Engineering,Civil Engineer,80422,18,1,52,0.21,Filled
EMP0463,Neha Nair,Marketing,Marketing Manager,92468,24,5,78,0.29,Filled
EMP0464,Priya Das,Finance,Financial Analyst,87371,11,2,90,0.23,Filled
EMP0465,Anjali Chopra,Engineering,Civil Engineer,122022,20,4,78,0.29,Filled
EMP0466,Anjali Verma,Sales,Business Development,50693,24,4,83,0.13,Vacant
EMP0467,Kiran Sharma,Operations,Logistics Coordinator,83535,15,1,83,0.18,Filled
EMP0468,Deepak Sharma,Engineering,Civil Engineer,116196,16,4,77,0.11,Filled
EMP0469,Suresh Sharma,IT,IT Support,86715,7,1,62,0.1,Filled
EMP0470,Amit Chopra,Finance,Financial Analyst,82605,21,5,64,0.3,Filled
EMP0471,Priya Kapoor,IT,IT Support,91174,10,2,72,0.61,Filled
EMP0472,Anjali Das,Finance,Payroll Specialist,64956,26,5,93,0.23,Filled
EMP0473,Vikram Chopra,Engineering,Civil Engineer,134252,12,3,75,0.11,Filled
EMP0474,Vikram Singh,HR,HR Coordinator,54481,24,3,53,0.08,Vacant
EMP0475,Kiran Verma,Sales,Sales Executive,69282,14,3,75,0.06,Filled
EMP0476,Deepak Verma,Engineering,Electrical Engineer,71548,25,5,89,0.11,Filled
EMP0477,Anjali Gupta,Admin,Admin Assistant,77605,5,4,58,0.36,Vacant
EMP0478,Sunita Sharma,IT,Data Analyst,83177,26,2,54,0.27,Filled
EMP0479,Sunita Chopra,Operations,Operations Manager,74022,21,3,81,0.17,Filled
EMP0480,Sunita Singh,Operations,Process Analyst,90761,18,3,69,0.09,Filled
EMP0481,Suresh Sharma,Marketing,Marketing Manager,55542,5,3,99,0.13,Filled
EMP0482,Rajesh Chopra,Finance,Payroll Specialist,80476,3,2,60,0.46,Filled
EMP0483,Amit Rao,IT,Data Analyst,120428,23,3,64,0.26,Vacant
EMP0484,Kiran Patel,Marketing,Content Strategist,72740,26,2,81,0.27,Filled
EMP0485,Neha Kapoor,IT,IT Support,119353,5,3,77,0.07,Filled
EMP0486,Neha Sharma,Admin,Office Manager,64817,24,5,71,0.19,Filled
EMP0487,Kiran Singh,Finance,Financial Analyst,102596,17,5,90,0.13,Filled
EMP0488,Sunita Das,Engineering,Civil Engineer,121532,19,2,66,0.25,Filled
EMP0489,Sunita Das,Engineering,Civil Engineer,81052,19,5,75,0.39,Filled
EMP0490,Anjali Kapoor,Operations,Process Analyst,85153,25,2,93,0.53,Filled
EMP0491,Sunita Patel,Engineering,Mechanical Engineer,112076,21,5,56,0.24,Filled
EMP0492,Vikram Verma,Engineering,Mechanical Engineer,118420,12,5,91,0.2,Vacant
EMP0493,Sunita Rao,Admin,Office Manager,40671,25,2,75,0.4,Filled
EMP0494,Neha Kapoor,HR,HR Manager,50163,29,4,74,0.24,Filled
EMP0495,Sunita Gupta,Operations,Operations Manager,91424,9,5,59,0.29,Filled
EMP0496,Anjali Singh,Marketing,Content Strategist,94002,1,3,94,0.3,Filled
EMP0497,Kiran Das,Sales,Account Manager,98744,18,4,68,0.11,Filled
EMP0498,Deepak Gupta,HR,HR Manager,54795,21,2,60,0.45,Filled
EMP0499,Neha Das,Marketing,SEO Analyst,60634,4,4,62,0.19,Filled
EMP0500,Priya Nair,Finance,Financial Analyst,59798,10,1,57,0.71,Filled
